k,inertia,silhouette
2,855443.814264029,0.16443411757919776
3,756868.2931635195,0.17554959095370326
4,668915.5154121328,0.17506821682040777
5,626849.61983995,0.17893628199818498
6,598238.9666122757,0.16819433379844398
7,572209.4171986091,0.13552603110664982
8,548397.908373201,0.14042479489574988
9,527592.7761658777,0.14667144798047013
