k,inertia,silhouette
2,822492.3472863035,0.1704678934398094
3,724162.9680901567,0.18254608865692334
4,636240.5592034147,0.18309737400340723
5,594188.0328327322,0.18741822455174198
6,565565.3510849926,0.1768442042918214
7,539678.9546967191,0.14302662116146772
8,516309.09336271585,0.15553411023324248
9,495072.068167071,0.15581842672779903
